source,target,weight
1,2,5
1,4,1
2,3,5
3,4,5
4,5,9
4,83,5
5,6,9
6,4,2
6,842,1
7,6,17
8,7,18
9,8,18
10,9,24
10,46,2
10,85,1
10,337,2
11,10,26
11,124,10
11,125,5
11,126,2
11,829,1
12,11,25
13,11,3
13,12,25
13,47,9
13,89,1
13,126,8
13,607,1
14,13,23
14,15,13
14,16,4
15,16,13
16,17,4
16,18,7
16,19,4
16,130,2
17,18,3
17,90,1
18,19,20
18,287,5
19,20,17
19,91,1
19,239,2
19,830,2
19,836,1
20,48,6
20,624,2
20,843,2
21,20,18
21,22,18
21,23,1
21,97,2
22,23,17
22,291,1
23,24,8
23,25,10
24,604,4
25,24,12
25,27,3
25,28,7
26,25,15
26,27,9
26,211,9
27,28,12
28,29,23
28,214,1
29,30,9
29,32,13
29,525,1
29,2020,1
30,31,10
31,32,10
32,132,14
32,133,1
32,280,6
32,605,3
32,699,3
32,873,1
33,32,22
33,480,14
33,716,2
34,33,21
35,34,29
35,1813,1
36,35,30
36,37,10
36,61,19
36,642,1
37,38,3
37,39,12
37,62,4
37,99,7
38,39,4
38,99,1
39,40,3
39,62,6
39,99,7
40,41,3
41,42,3
42,43,3
44,43,4
45,44,4
46,85,5
46,684,6
47,46,7
48,49,4
48,50,1
48,843,2
48,845,1
49,50,4
50,25,1
50,51,7
50,682,3
51,52,7
52,26,3
52,53,4
53,26,4
53,54,1
53,643,4
54,56,2
54,852,1
55,54,9
55,56,9
56,28,4
56,57,4
56,478,4
56,714,2
56,851,1
56,867,1
57,58,4
58,59,4
59,33,7
59,34,5
59,60,9
59,871,2
60,34,9
61,37,17
61,38,2
61,62,1
62,63,10
62,99,5
62,265,12
63,64,12
64,65,12
64,66,2
65,66,13
66,68,2
66,544,3
67,66,12
67,69,2
68,67,13
69,68,15
70,69,17
70,71,4
70,545,7
70,546,2
71,1466,4
72,71,8
73,72,8
73,74,5
73,1467,3
73,1468,1
74,75,5
75,76,5
76,77,5
77,78,4
77,1485,1
78,79,4
79,534,2
79,536,2
80,79,7
81,80,5
82,81,5
82,899,1
82,1450,4
83,82,4
84,10,4
84,137,1
84,547,8
84,548,2
85,84,4
86,47,3
87,86,1
88,86,2
88,87,1
89,88,1
90,18,1
91,20,1
92,91,3
93,92,3
93,94,5
93,243,4
93,834,1
94,95,5
95,96,4
95,291,1
96,21,4
97,98,2
98,22,2
99,100,7
99,785,1
100,101,4
100,419,16
100,420,1
100,466,14
101,102,10
102,103,5
102,467,6
102,1064,2
103,104,11
104,106,1
104,424,5
105,104,13
106,105,13
106,762,2
106,1535,2
107,106,13
108,107,13
108,109,3
109,938,4
110,109,7
110,111,3
111,112,3
111,881,5
111,939,4
112,113,4
112,883,6
112,1219,1
113,114,6
113,1154,2
114,115,10
114,116,1
114,884,9
115,116,10
116,117,7
116,118,1
116,940,3
117,118,3
117,1244,1
118,448,2
118,1235,1
119,118,5
120,119,11
120,735,4
121,10,1
121,122,8
121,337,4
121,816,1
121,827,2
122,123,7
122,2265,1
123,11,4
124,121,7
124,122,4
124,123,6
124,337,1
124,402,2
124,802,1
124,817,1
124,2266,1
125,126,5
126,127,9
126,210,6
127,128,9
128,129,9
129,130,9
130,18,13
131,32,21
131,132,14
132,133,28
133,134,32
133,701,3
133,854,1
134,226,3
135,134,35
135,136,17
135,137,17
136,137,17
137,176,8
137,227,10
137,357,3
137,721,6
137,874,1
137,1406,4
138,137,3
139,138,3
139,140,2
140,141,2
141,142,2
142,143,3
142,197,23
143,661,4
144,143,7
144,145,5
144,301,1
144,1590,1
145,146,5
147,146,9
148,147,9
149,131,9
149,700,1
150,149,9
150,151,12
151,152,5
151,236,6
151,237,2
152,153,5
152,823,1
153,154,5
154,155,5
155,156,5
156,157,5
157,158,6
158,159,5
159,142,5
160,142,24
160,301,9
161,160,15
162,161,12
163,162,12
164,163,14
165,164,14
165,308,2
166,165,9
167,166,8
168,167,8
168,281,3
169,168,7
169,1634,4
170,169,4
171,170,4
172,171,4
173,172,4
174,173,4
175,174,4
176,84,13
177,84,13
177,178,11
178,179,11
179,177,2
179,521,3
180,179,12
180,182,2
180,521,7
180,1407,8
181,180,14
181,183,1
182,181,22
183,182,24
183,2119,2
184,183,14
184,185,3
185,259,9
185,1755,1
186,185,10
186,188,2
186,259,2
187,186,10
188,187,9
188,1495,10
188,1497,1
189,187,1
189,188,12
189,1496,1
190,189,15
191,190,10
191,192,1
191,193,1
191,260,9
191,1747,1
192,363,15
193,192,17
193,365,1
193,366,1
193,1685,3
194,193,1
195,194,2
196,195,2
197,137,21
197,661,1
198,161,8
198,163,4
198,1595,4
199,198,7
200,198,1
200,199,7
200,795,1
200,1594,2
201,200,4
202,201,4
202,1662,1
203,202,5
204,203,5
205,204,5
206,205,5
206,1627,1
206,1663,1
207,206,4
207,208,3
207,307,1
208,209,1
208,307,3
208,1621,2
208,1682,7
209,1643,1
210,14,6
211,212,6
211,660,3
212,213,6
212,214,2
212,543,1
213,28,8
213,214,4
213,543,8
214,215,7
215,216,3
215,270,4
216,217,2
216,698,1
217,29,1
217,218,2
218,219,2
218,525,2
219,220,2
219,221,2
219,280,5
220,221,4
221,150,2
221,222,2
222,223,2
223,221,3
223,224,4
224,133,3
224,225,1
225,133,1
226,133,3
227,135,3
228,227,4
229,228,9
230,229,9
231,230,7
232,231,7
233,230,1
233,232,7
234,230,1
234,233,8
234,878,1
235,234,6
236,235,6
237,152,1
238,237,2
239,240,2
239,290,1
240,19,2
240,241,1
240,288,1
241,239,1
242,240,2
242,241,3
243,242,5
243,616,1
244,93,5
244,245,5
245,246,5
246,247,5
247,95,2
247,248,6
248,249,7
249,250,7
250,251,5
250,644,2
251,252,5
252,253,5
253,254,1
253,296,4
254,255,3
254,299,1
255,256,3
255,300,1
255,541,1
256,257,5
257,258,9
258,218,2
258,219,7
259,184,9
260,190,8
261,260,13
262,260,4
262,261,12
262,362,10
262,1607,5
263,137,7
263,264,5
264,137,2
264,1406,1
265,264,14
265,623,4
266,62,10
267,266,10
267,722,1
268,62,1
268,63,2
268,267,9
268,269,3
268,722,3
270,271,4
271,272,4
272,257,4
273,227,6
273,228,11
273,274,5
274,228,6
275,274,6
275,276,5
276,277,5
277,275,6
278,277,6
279,278,6
280,220,2
280,525,3
280,699,1
281,282,3
283,403,16
283,586,3
283,587,12
283,760,4
284,283,4
285,284,2
286,285,2
286,811,1
286,812,2
287,286,3
287,806,1
287,811,1
287,813,1
288,18,1
289,288,2
290,241,1
290,289,2
291,248,1
292,208,6
293,292,6
294,293,6
295,294,6
296,297,4
297,298,1
297,299,3
298,254,3
298,675,1
299,255,2
299,298,2
299,541,8
300,256,2
301,161,1
301,302,13
302,303,13
303,358,10
303,648,1
303,791,4
304,303,4
304,1671,2
305,304,4
306,305,4
307,306,4
307,1666,1
308,310,1
308,797,5
309,200,2
309,308,6
309,797,1
310,309,4
311,310,5
312,311,5
312,795,6
312,798,1
313,312,1
313,796,9
314,313,11
314,1676,7
315,314,7
315,1593,3
315,1676,2
316,315,2
316,1669,1
316,1670,1
317,316,2
317,1592,3
318,317,6
319,318,6
320,319,6
321,320,6
322,183,17
323,322,17
323,1490,1
324,323,16
325,324,16
326,325,16
326,328,2
326,1102,7
327,326,27
328,327,27
328,486,2
328,489,3
328,904,12
329,328,13
330,329,13
331,330,14
331,1523,4
332,333,1
332,777,4
333,334,1
334,776,6
335,334,7
335,337,1
336,121,1
336,335,7
336,337,5
336,789,1
337,122,3
337,789,2
337,804,1
337,814,2
338,326,12
339,338,11
339,1939,1
340,339,9
341,340,9
342,341,9
342,343,4
342,344,9
343,344,4
344,345,5
344,346,2
344,923,18
345,346,5
346,347,3
346,933,5
347,348,3
348,349,3
350,615,2
350,767,2
351,350,2
351,352,2
352,418,4
353,352,7
353,354,16
354,355,21
354,465,15
354,477,10
355,59,6
355,356,13
355,768,2
356,59,13
357,197,3
358,359,10
359,208,5
359,1591,2
360,359,11
361,360,11
362,361,11
362,1608,1
363,191,16
363,1683,1
364,193,16
365,364,13
366,364,3
366,365,14
366,369,1
366,370,1
367,366,16
368,367,10
368,1751,1
369,367,6
369,368,9
370,367,1
370,369,16
370,915,1
370,916,3
371,370,12
372,370,6
372,371,12
372,375,6
373,372,5
374,372,6
374,373,6
375,373,1
375,374,10
375,378,1
375,1445,4
376,375,6
376,378,1
377,375,7
377,376,5
378,377,12
378,1439,3
379,378,15
379,382,1
379,1438,1
379,1439,2
379,2101,1
380,379,9
381,379,4
381,380,9
382,381,12
382,1409,3
383,382,6
383,1791,4
384,383,2
385,384,2
385,1432,1
386,385,2
387,386,1
388,387,1
389,388,1
389,1410,2
390,389,3
391,390,3
391,1420,1
392,391,4
392,395,3
392,1413,5
392,1430,1
392,1431,3
393,392,2
393,1414,2
394,392,3
394,393,7
395,394,3
396,395,4
396,397,3
397,394,1
397,395,2
397,1411,4
397,1694,1
398,397,10
398,1416,3
399,398,7
399,400,3
400,1734,2
401,400,4
401,1748,1
402,126,5
402,705,10
403,402,17
403,828,1
404,283,10
404,405,7
405,406,8
405,505,1
405,591,1
405,593,2
406,761,1
407,406,8
408,407,8
409,408,8
409,410,15
409,411,8
409,509,7
409,727,3
410,411,15
412,411,22
412,414,6
412,786,2
413,412,14
413,764,1
414,413,14
414,611,1
414,613,5
415,414,12
415,416,9
415,417,4
416,417,9
417,352,1
417,476,18
418,351,1
418,353,25
418,417,30
419,99,13
419,729,7
420,466,8
421,420,9
422,421,9
423,422,10
424,423,10
424,762,2
425,424,6
425,426,3
425,427,3
426,427,4
427,428,7
428,429,7
429,430,7
430,431,7
431,432,9
432,433,9
433,434,5
433,963,2
433,1093,2
434,435,6
434,1233,2
434,1241,1
435,436,5
435,437,1
436,437,5
437,438,5
437,2153,1
438,472,14
438,473,9
438,474,2
438,526,5
439,626,6
440,439,8
440,441,8
441,442,8
442,443,8
443,444,6
444,50,6
446,445,8
447,446,5
447,940,1
448,447,2
449,120,14
450,120,2
450,449,14
450,887,5
451,450,8
452,450,6
452,451,8
452,734,2
453,452,13
453,533,3
453,1149,1
453,1265,1
454,453,11
455,453,2
455,454,11
455,1094,4
456,455,5
457,455,2
457,456,5
457,1144,7
458,457,12
459,458,10
459,659,5
460,459,4
461,459,1
461,460,11
462,461,11
462,464,5
463,462,6
464,463,6
465,353,15
466,101,6
466,630,1
466,1063,1
467,103,6
468,108,7
469,468,9
469,1234,2
470,469,9
471,470,9
471,472,9
473,474,9
474,475,11
475,457,11
476,510,16
476,853,2
477,478,10
479,478,14
480,479,14
481,79,5
482,481,6
483,482,6
483,1482,3
484,483,3
484,486,1
484,1761,1
485,484,5
485,488,2
486,485,2
487,486,8
488,486,5
489,488,3
490,331,8
490,926,5
491,490,3
492,491,3
493,492,3
493,1449,10
494,493,4
494,540,8
495,494,12
495,1758,1
496,495,13
497,496,13
497,539,9
498,500,1
498,501,1
499,498,4
499,501,1
500,499,5
501,500,4
502,501,5
503,502,5
504,503,6
505,504,6
505,761,6
506,505,7
507,506,7
508,507,7
509,508,7
510,414,16
511,66,10
511,513,2
511,2127,1
512,511,10
513,512,7
513,515,2
514,513,7
515,512,3
515,514,7
516,515,6
517,515,5
517,516,6
518,517,10
519,518,10
520,519,10
521,520,10
521,691,6
522,180,14
522,2170,2
523,522,16
524,523,16
525,30,1
525,32,4
525,2020,1
526,527,5
527,528,5
528,529,2
528,656,3
529,530,2
530,458,2
531,458,6
532,531,6
533,532,5
533,1232,1
534,84,3
534,481,1
534,535,6
534,880,1
535,84,7
535,536,2
535,880,5
536,537,1
536,538,1
536,880,2
537,535,2
538,535,6
538,537,2
538,896,2
538,899,10
538,900,1
538,925,15
539,538,11
539,1104,3
540,493,8
541,300,1
542,299,8
543,542,8
544,67,3
545,546,7
546,534,9
547,548,8
548,549,8
548,550,2
549,1261,2
550,549,10
550,552,2
550,553,2
550,1118,11
551,550,15
551,1584,1
552,551,9
553,551,5
553,552,11
554,553,18
554,1506,6
554,1517,9
554,1518,2
555,554,26
556,555,27
556,559,7
556,1805,3
557,556,16
558,556,13
558,560,1
558,1564,1
559,558,12
559,2090,1
560,559,18
560,1807,1
561,560,18
561,1327,1
562,561,17
562,564,1
562,1027,1
562,1352,2
562,1398,2
563,562,17
563,1030,1
564,563,18
564,1031,1
564,1089,2
564,2163,1
565,564,21
565,567,2
565,1034,4
566,565,19
567,566,19
567,1134,11
568,567,17
568,1133,4
568,1397,2
569,570,6
570,571,6
571,572,6
572,573,6
573,574,6
574,244,6
575,244,2
576,575,1
577,576,1
578,577,1
579,578,1
580,579,1
580,581,1
581,14,1
582,126,9
582,402,1
583,126,1
583,582,9
584,583,9
584,807,2
585,284,1
585,584,8
585,586,4
586,284,2
586,680,2
587,588,12
588,283,1
588,681,6
589,588,6
590,589,10
590,628,9
590,846,1
591,590,4
591,593,1
592,404,3
592,405,1
592,591,3
593,592,6
593,595,1
594,405,1
594,593,6
595,405,1
595,594,6
596,595,7
597,596,7
598,597,7
599,598,7
600,599,6
601,600,6
602,601,6
603,602,6
604,250,4
605,606,2
605,863,1
606,131,2
606,864,1
607,608,1
608,580,1
609,53,3
610,609,3
611,610,3
612,611,3
613,612,3
613,832,6
614,353,5
615,614,5
616,617,1
617,575,1
618,156,2
619,618,2
620,247,1
621,38,4
621,1665,1
622,621,5
623,622,5
623,683,1
624,91,2
625,20,8
626,625,7
627,440,7
627,697,15
627,703,1
627,833,4
628,627,9
629,590,7
630,100,4
630,1081,1
631,630,4
631,2267,3
2267,632,3
2267,1491,1
632,633,3
633,634,2
633,635,1
634,635,2
635,636,3
636,637,4
637,638,4
638,639,4
639,2166,1
640,639,4
641,102,1
641,422,1
641,640,4
642,621,3
643,54,4
644,645,2
645,646,2
646,647,2
647,26,2
648,649,1
649,650,1
650,651,1
651,1715,1
652,651,1
652,653,1
653,654,1
654,655,1
656,657,3
657,658,3
658,459,1
658,659,2
659,460,7
660,212,3
661,142,4
662,247,2
663,662,2
664,663,2
665,664,2
666,665,2
667,666,2
668,667,2
669,668,2
669,670,1
670,671,1
671,672,1
672,673,1
673,674,1
674,298,1
675,676,1
676,677,1
677,678,1
678,679,1
679,238,1
680,283,2
680,585,3
681,440,6
682,24,1
682,25,2
683,62,1
683,264,2
684,62,6
685,46,6
686,685,6
687,686,6
688,687,6
688,934,1
688,1065,1
689,688,5
689,934,1
690,689,5
691,179,3
691,690,5
692,184,4
693,692,4
693,1483,3
694,693,7
695,694,7
696,695,7
697,409,15
698,217,1
699,150,4
700,133,1
700,150,3
700,223,1
701,700,3
702,284,3
702,810,1
703,702,2
703,704,1
703,833,4
704,626,1
705,124,10
706,443,7
706,707,9
707,708,9
708,613,8
708,709,2
708,710,1
709,710,2
710,711,3
711,54,2
711,712,1
712,713,1
713,54,1
714,715,2
715,33,2
716,717,1
716,718,1
717,718,1
718,719,2
719,720,2
719,1815,1
720,642,2
721,263,2
721,264,6
722,269,1
722,937,1
722,1062,1
722,1470,1
723,722,2
723,1079,1
724,723,3
724,725,2
725,726,2
726,724,1
727,728,3
728,706,3
729,99,1
729,785,3
730,533,3
731,730,3
731,732,2
731,733,1
732,733,2
734,733,2
735,119,9
735,1247,1
736,735,12
736,984,3
737,736,14
738,737,14
739,737,1
739,738,13
739,741,3
740,739,11
741,740,11
741,743,3
741,744,2
741,1254,1
742,741,9
742,744,1
743,742,8
743,745,2
744,743,11
745,744,12
745,1045,2
745,2135,1
746,745,12
746,748,4
746,1045,8
747,746,7
747,986,1
748,747,6
748,749,7
748,1294,7
748,1295,1
750,749,8
750,1320,1
750,1366,1
751,750,7
752,751,9
753,752,5
754,753,5
755,754,8
756,755,8
757,756,9
757,1215,1
758,757,9
759,758,9
759,962,3
760,590,4
761,629,6
762,1090,1
763,415,4
764,763,2
764,788,2
764,850,1
765,764,2
766,765,2
767,766,2
767,1812,1
768,769,2
769,770,1
769,771,1
770,771,1
771,772,2
772,35,1
772,773,1
773,35,1
774,335,1
774,776,2
775,774,4
776,775,4
777,774,4
778,43,3
778,1060,1
779,778,3
779,1059,1
780,779,3
780,1050,1
781,780,4
782,781,4
782,784,1
783,782,3
784,783,3
785,784,4
785,1081,1
786,413,1
787,786,2
787,788,2
788,763,1
789,805,1
790,198,6
790,792,1
790,1612,1
791,790,5
792,202,1
792,791,2
792,793,1
792,1662,1
793,202,1
793,790,1
794,200,5
795,311,1
795,794,6
796,312,10
796,314,2
796,798,1
797,165,5
798,799,2
799,800,2
800,801,1
800,1627,1
802,803,1
803,121,1
804,805,1
806,286,1
807,808,2
808,809,2
808,861,1
809,284,2
810,589,4
811,703,1
811,810,3
811,837,1
812,811,2
813,130,2
813,286,2
814,815,1
814,816,1
815,816,1
816,124,2
816,817,1
817,818,2
818,819,2
819,820,2
820,821,2
821,822,2
822,592,2
823,824,1
825,10,2
826,582,1
827,124,2
828,584,1
829,124,1
830,831,2
831,626,2
832,414,6
833,440,1
834,835,1
835,21,1
836,837,1
837,838,1
837,862,1
838,811,1
839,840,1
840,841,1
841,83,1
842,7,1
843,845,1
844,443,1
844,843,4
844,845,2
844,870,1
845,443,3
846,847,1
847,627,1
848,849,1
849,503,1
850,763,1
851,354,1
852,55,2
853,852,2
854,856,1
855,854,1
855,856,1
856,135,2
857,135,2
857,858,2
858,859,2
859,860,2
860,683,2
861,286,1
862,625,1
863,606,1
864,865,1
865,866,1
866,855,1
867,868,1
868,869,1
869,54,1
870,443,1
871,33,2
872,234,1
872,894,1
873,149,1
874,875,1
875,876,1
876,877,1
877,857,2
878,879,1
880,538,2
881,880,10
881,898,2
881,939,5
882,111,21
882,112,8
882,113,2
883,113,6
884,113,9
885,114,5
886,885,5
887,886,5
888,748,10
889,888,10
889,1189,1
889,1292,2
889,1314,1
890,889,8
891,890,8
892,891,8
893,892,8
894,895,1
895,234,1
896,539,1
896,880,2
897,82,10
897,538,1
897,899,10
898,880,2
898,897,2
899,880,2
900,896,2
901,900,2
902,901,2
902,1103,1
903,328,8
903,902,20
904,903,12
906,905,2
907,906,2
908,907,2
908,1717,1
909,908,2
909,1647,4
910,909,6
910,911,4
910,1610,8
911,912,4
912,913,4
913,914,2
913,1611,2
914,915,2
915,1648,2
916,915,3
917,370,20
918,917,20
918,1704,4
919,918,16
920,919,16
921,920,16
922,921,18
923,922,18
924,538,2
924,902,17
925,924,15
926,927,5
927,928,5
928,1498,6
929,928,2
930,929,2
931,930,2
932,931,5
933,932,5
934,935,2
935,936,2
936,723,1
936,1079,1
937,723,1
938,108,4
939,110,4
939,965,6
940,117,4
940,941,7
941,445,1
941,447,6
942,446,3
942,447,8
942,944,1
943,942,4
944,943,4
944,945,5
944,966,1
944,1803,2
945,946,3
945,1002,2
945,1003,1
946,967,2
947,946,6
947,1298,1
948,947,6
949,948,8
950,949,8
950,951,5
950,994,1
951,952,3
951,968,2
951,970,2
951,994,9
952,970,11
952,1088,3
953,952,10
954,953,10
955,954,12
955,957,4
956,955,9
957,956,9
957,1128,1
958,957,9
959,957,1
959,958,9
960,959,9
960,1293,1
961,960,9
961,1121,2
961,1122,1
962,961,8
962,1095,6
963,434,2
964,471,1
964,472,5
965,964,6
966,945,1
967,945,2
968,950,2
968,1030,1
969,951,9
970,969,9
971,957,10
971,973,3
972,971,7
973,972,7
973,975,2
974,973,4
974,976,1
974,1005,1
975,974,3
976,975,5
977,976,6
977,979,2
978,977,4
979,978,5
979,1001,2
980,942,3
981,980,3
982,981,3
983,982,3
984,983,3
984,1248,1
986,746,2
987,986,3
988,987,3
988,1082,2
989,751,1
989,988,1
989,1004,6
989,1082,1
989,1316,2
990,989,9
991,989,1
991,990,9
992,991,9
992,994,5
993,991,1
993,992,8
993,1335,1
994,993,10
995,957,3
996,995,3
997,996,3
998,997,3
999,998,3
1000,999,3
1001,1000,3
1001,1010,1
1002,741,3
1003,1002,1
1004,751,6
1005,973,4
1005,1129,1
1006,974,1
1006,1005,2
1007,1006,2
1007,1008,1
1008,1009,1
1010,979,3
1010,1019,1
1011,1010,3
1012,1011,3
1012,1013,1
1012,1042,2
1013,1014,1
1013,1042,1
1014,1015,1
1014,1020,1
1015,1016,1
1016,1042,12
1016,1809,1
1017,1016,12
1017,1018,3
1019,1014,1
1020,1021,1
1021,1024,1
1022,1021,1
1023,1022,1
1023,1044,1
1024,1023,1
1024,1025,1
1025,1026,1
1028,1027,3
1029,563,1
1029,1028,3
1029,1353,1
1030,1029,2
1031,968,1
1032,565,3
1032,1033,1
1033,954,4
1034,568,1
1034,1033,4
1035,568,14
1036,1035,14
1036,2157,1
1037,1036,13
1038,1037,13
1039,1038,13
1040,1039,13
1040,2142,1
1041,1040,12
1042,1041,12
1043,1013,1
1044,1043,1
1045,1046,2
1045,1187,1
1045,1188,8
1046,947,1
1046,948,2
1046,1185,1
1048,1047,1
1049,1048,1
1050,1049,1
1051,631,1
1052,1051,2
1053,1052,2
1053,1054,2
1054,636,1
1054,1055,1
1055,1056,1
1056,1053,1
1057,517,3
1057,1471,1
1058,66,8
1059,778,1
1060,1061,1
1062,268,1
1063,1051,1
1064,641,2
1065,1066,1
1066,1067,1
1067,1068,1
1068,1069,1
1069,1070,1
1070,1071,1
1071,1072,1
1072,1073,1
1073,1074,1
1074,686,1
1075,62,4
1076,1075,4
1077,1076,4
1078,1077,4
1078,2120,1
1079,1080,2
1080,64,2
1081,729,1
1082,1083,3
1083,1084,3
1084,1085,4
1085,1119,1
1085,1164,3
1085,1315,1
1085,1382,1
1086,1085,3
1087,1086,3
1087,1088,1
1088,1163,3
1089,563,2
1090,1091,1
1091,1092,1
1092,426,1
1093,468,2
1094,457,4
1095,759,6
1096,1693,1
1097,1096,1
1098,1097,1
1098,1524,3
1099,1098,7
1100,1099,7
1101,1100,7
1102,1101,7
1103,496,1
1104,497,1
1105,1104,4
1106,1105,4
1106,1533,2
1107,1106,2
1108,1107,4
1108,1461,1
1109,1108,3
1109,1461,2
1110,1109,5
1111,1110,6
1112,1111,6
1112,1583,11
1113,1112,17
1114,1113,17
1115,1114,11
1116,1114,3
1116,1115,11
1117,1116,11
1118,1117,11
1119,1120,1
1119,1199,1
1119,1200,1
1120,1218,1
1121,1120,2
1122,1123,1
1123,1124,1
1124,1125,1
1125,1174,1
1126,959,1
1126,1125,2
1127,1126,1
1128,1127,1
1129,1006,1
1130,1129,2
1131,1130,2
1131,1344,1
1132,104,2
1133,567,4
1134,1135,2
1134,1136,7
1134,1369,1
1134,1816,1
1135,1136,2
1136,1137,2
1136,1385,2
1136,1386,5
1137,1138,2
1138,1139,2
1138,1393,1
1139,1140,2
1141,882,11
1141,1143,3
1142,1141,5
1142,1222,2
1143,1142,6
1143,1144,7
1143,1152,1
1143,1153,2
1144,1184,2
1145,452,1
1146,1145,1
1147,1146,1
1148,1147,1
1149,1148,1
1150,455,2
1151,1150,2
1152,1151,2
1152,1239,1
1153,1152,2
1154,1155,2
1155,1156,2
1156,1157,2
1157,114,1
1157,1158,1
1158,1159,1
1159,1160,1
1160,1161,1
1161,1162,1
1163,1087,3
1164,1165,3
1165,1166,2
1165,1309,1
1166,754,2
1167,754,4
1168,1167,4
1168,1210,2
1169,1168,3
1169,1170,1
1169,1196,2
1170,1171,1
1171,1172,1
1173,1131,1
1174,1173,1
1175,1007,1
1176,1175,1
1177,1176,1
1178,1177,1
1178,1348,1
1179,1178,2
1179,1180,3
1179,1246,1
1180,1181,3
1181,1182,3
1182,1179,1
1182,1183,2
1183,1179,2
1184,1143,2
1185,947,8
1185,1186,6
1185,1298,1
1185,2131,1
1186,1046,1
1186,1187,4
1186,1298,2
1187,1046,4
1188,1187,8
1189,1190,1
1190,1191,1
1190,1314,1
1192,752,4
1193,1192,2
1194,1193,2
1195,1194,1
1196,1195,1
1196,1307,1
1197,756,2
1198,1197,2
1199,1198,1
1200,1201,1
1201,1208,1
1202,1201,1
1203,1202,1
1204,1203,1
1205,1204,1
1206,957,1
1206,1205,1
1206,1207,2
1207,955,2
1208,1119,1
1209,1192,2
1210,1209,2
1211,759,1
1212,1211,1
1213,1212,1
1214,1213,1
1215,1214,1
1216,757,1
1217,1216,1
1218,1217,1
1219,1220,1
1220,1221,1
1222,1141,3
1222,1143,1
1222,1223,1
1223,1224,1
1225,532,1
1226,1225,1
1227,1226,1
1228,1227,1
1229,1228,1
1229,1230,1
1230,1231,1
1231,1229,1
1232,1231,1
1233,1234,2
1234,434,1
1235,1236,1
1236,1237,1
1237,1238,2
1238,447,2
1239,1240,1
1241,1242,1
1242,1243,1
1243,438,1
1244,1245,1
1245,1162,1
1246,978,1
1247,1237,1
1248,1249,1
1249,1250,1
1250,1251,1
1251,1252,1
1252,1253,1
1253,737,1
1254,1255,1
1255,1256,1
1256,742,1
1258,1257,3
1259,1258,3
1260,1259,3
1261,1260,3
1261,1262,1
1262,1263,1
1263,1264,1
1265,1148,1
1267,1266,1
1268,1267,1
1269,1268,1
1270,1269,1
1271,1270,1
1272,1271,1
1273,1272,1
1274,1273,1
1275,1274,1
1276,1275,1
1277,1276,1
1278,1277,1
1279,1278,1
1280,1279,1
1281,1280,1
1282,1281,1
1283,1282,1
1284,1283,1
1285,1284,1
1286,1285,1
1287,1286,1
1288,1287,1
1288,1299,1
1289,1288,2
1290,1289,2
1291,1290,2
1292,1291,2
1293,957,1
1294,746,7
1295,1296,1
1296,1297,1
1298,1046,3
1300,893,4
1300,1301,4
1301,1302,4
1302,1303,4
1303,1304,4
1304,1305,4
1305,1306,4
1306,1300,4
1307,1308,1
1309,1198,1
1310,748,1
1310,749,1
1311,1310,2
1312,1190,1
1312,1311,2
1313,1312,2
1314,1313,2
1315,1349,1
1315,1351,1
1316,1315,1
1317,560,2
1318,1317,2
1318,1319,1
1318,2145,2
1319,947,2
1319,2078,1
1320,1321,1
1321,1322,1
1322,1323,1
1323,1193,1
1325,1324,6
1325,1327,2
1326,1325,5
1327,562,3
1327,1326,5
1328,1327,3
1329,1328,3
1330,1329,3
1330,1331,1
1330,1332,1
1331,1332,1
1332,1333,1
1332,1362,1
1333,1334,1
1335,1336,1
1336,1337,1
1338,957,1
1339,1338,1
1340,1339,1
1341,1340,1
1342,1341,1
1343,1342,1
1344,1343,1
1345,1131,1
1346,1345,1
1347,1346,1
1348,1347,1
1349,1350,1
1350,1315,1
1351,1316,1
1352,1327,2
1353,1354,1
1354,1355,1
1356,1330,3
1357,1356,3
1357,1358,1
1357,2151,1
1358,1359,1
1358,2152,1
1359,1360,2
1359,2150,1
1360,1361,1
1360,2150,1
1361,1357,2
1362,1363,1
1362,1365,1
1363,1364,1
1364,1365,1
1365,1357,2
1366,1367,1
1367,1368,1
1369,1370,1
1370,1371,1
1371,1372,1
1372,1373,1
1373,1374,1
1375,1206,1
1376,1375,1
1377,1376,1
1378,1377,1
1379,1378,1
1380,1379,1
1381,1380,1
1382,1381,1
1382,1383,1
1383,1384,1
1384,1084,1
1385,1386,1
1385,1392,1
1386,1387,1
1386,1856,5
1387,1388,1
1388,1389,1
1389,1390,1
1390,1391,1
1392,1138,1
1393,1394,1
1394,1395,1
1396,565,2
1397,1032,2
1398,1399,2
1399,1400,2
1400,1401,2
1401,1402,2
1402,1403,1
1402,1823,1
1403,1404,1
1404,1405,1
1405,562,1
1406,176,5
1407,181,8
1408,382,8
1408,1410,1
1409,1408,8
1410,397,2
1410,1409,11
1411,1410,9
1412,392,1
1412,1411,5
1413,1412,5
1414,392,4
1415,392,9
1415,393,5
1415,1414,14
1416,397,2
1416,399,4
1416,400,3
1416,1726,5
1416,1727,1
1416,1792,2
1417,386,1
1418,1417,1
1419,1418,1
1420,1419,1
1421,1414,5
1422,1421,5
1423,1422,5
1424,1423,5
1424,1930,1
1425,1424,4
1426,1425,4
1427,1426,4
1427,1652,2
1427,1653,1
1427,1931,1
1428,1427,3
1429,1428,3
1430,1416,4
1431,1414,2
1431,1430,3
1432,1791,1
1433,1432,1
1434,1433,1
1435,1434,1
1435,1790,5
1436,1435,1
1437,1436,1
1438,1437,1
1439,1440,2
1439,1442,3
1440,1441,2
1441,1442,2
1441,2094,1
1443,1442,5
1444,1443,5
1444,2109,1
1445,1444,4
1445,2109,1
1446,344,7
1447,1446,7
1448,1447,7
1449,1448,7
1450,1451,4
1451,1452,4
1452,1453,4
1453,1454,4
1454,1455,4
1455,1456,4
1456,1457,2
1456,1538,2
1457,1458,2
1458,1459,2
1459,1460,1
1459,1543,1
1460,1107,1
1460,1543,1
1461,1110,1
1462,515,1
1462,1463,1
1464,70,4
1465,1464,4
1466,1465,4
1467,1468,3
1468,1469,4
1469,80,4
1470,723,1
1471,1472,1
1472,1473,1
1473,1474,1
1474,1475,1
1475,65,1
1476,339,5
1477,1476,5
1478,1477,5
1478,1480,2
1479,1478,3
1480,1479,3
1481,1480,5
1481,1487,3
1481,1626,2
1482,484,3
1482,485,1
1483,1484,2
1483,2113,1
1484,183,2
1485,1486,1
1487,1488,3
1488,1489,3
1489,1753,1
1490,2267,1
1491,1492,1
1492,1493,1
1493,1101,1
1494,1098,10
1495,1494,10
1496,188,2
1497,189,13
1497,1496,2
1497,1675,2
1498,1499,6
1499,1500,3
1499,1502,3
1500,1766,1
1501,1500,3
1501,1770,1
1502,1501,3
1502,1546,1
1503,1502,6
1504,1503,6
1504,1769,1
1505,1504,6
1506,1505,6
1507,557,8
1507,1580,1
1508,1507,8
1509,1508,8
1510,1509,5
1510,1511,3
1511,1513,1
1511,1563,2
1512,1511,4
1513,1512,4
1514,1513,5
1515,1514,5
1517,1516,9
1517,1806,1
1518,555,2
1520,1519,4
1521,1520,4
1522,1521,4
1523,330,1
1523,1522,4
1524,1525,3
1525,1526,3
1526,1527,3
1527,1528,3
1528,1529,3
1529,1530,3
1530,338,3
1531,1532,1
1532,482,1
1533,1534,2
1535,1536,2
1536,1537,2
1537,73,2
1538,1539,2
1539,1540,2
1540,1541,2
1541,1107,1
1541,1542,1
1542,1460,1
1543,1544,2
1544,1545,2
1545,1461,2
1546,1547,1
1547,1548,1
1548,1549,1
1549,1550,1
1550,1551,1
1552,1510,2
1553,1552,2
1553,1554,1
1554,1555,1
1555,1556,1
1556,1557,1
1558,1509,3
1558,1559,1
1558,1563,2
1559,1560,1
1560,1561,1
1561,1562,1
1562,1563,1
1564,1565,1
1565,1566,1
1566,1567,1
1567,1568,1
1568,1569,1
1569,1319,1
1570,555,1
1571,1570,1
1572,1571,1
1573,1572,1
1574,1573,1
1575,1574,1
1576,1575,1
1576,1577,1
1577,1578,1
1578,1579,1
1579,1507,1
1580,1576,1
1581,1449,11
1582,1581,11
1583,1582,11
1584,1585,1
1585,1586,1
1586,1587,1
1587,1588,1
1588,1589,1
1589,1516,1
1590,146,7
1590,161,4
1590,301,3
1590,1615,2
1591,208,2
1592,316,3
1593,316,3
1594,794,2
1595,161,4
1596,303,7
1596,1722,1
1597,1596,6
1597,1598,2
1597,1673,1
1598,1599,2
1599,1600,2
1600,1601,2
1601,1602,2
1602,1675,6
1602,1725,3
1603,1602,5
1604,1603,5
1605,1604,6
1606,1605,6
1607,261,1
1607,1606,6
1608,262,7
1609,1608,8
1610,1609,8
1611,916,2
1612,202,2
1612,303,1
1613,1612,2
1614,1613,2
1615,1614,2
1616,207,2
1617,1616,1
1617,1666,1
1618,1616,1
1618,1617,2
1619,1618,3
1619,1667,1
1620,1619,4
1621,1620,3
1622,1623,1
1623,1624,2
1624,1625,2
1625,1626,2
1626,1478,1
1627,1640,1
1629,1628,5
1630,1629,5
1631,1630,5
1632,1631,5
1632,1639,1
1633,1632,4
1634,1633,4
1635,166,1
1636,1635,1
1637,1636,1
1638,1637,1
1639,1638,1
1640,1641,1
1641,1642,1
1642,313,1
1643,208,1
1644,1645,2
1645,1646,2
1646,170,2
1647,915,1
1647,1648,3
1648,1649,5
1649,1650,5
1650,1651,5
1650,1780,4
1650,1781,4
1651,1945,9
1652,1651,4
1652,1882,2
1653,1654,1
1654,1655,1
1655,1656,1
1656,1422,2
1657,1424,1
1658,1657,1
1659,1658,1
1660,1659,1
1661,1660,1
1662,790,1
1662,793,1
1663,1664,1
1664,795,1
1665,622,1
1666,207,1
1666,1620,1
1667,1668,1
1669,317,1
1671,303,2
1672,1597,3
1672,1675,1
1672,1711,1
1673,1672,5
1674,1673,4
1675,1674,4
1676,1677,9
1677,1678,9
1678,1953,15
1679,1678,7
1680,1679,2
1681,1680,2
1682,1621,1
1682,1679,5
1682,1681,2
1683,192,2
1684,1683,3
1684,1743,1
1685,194,1
1685,1686,2
1686,1687,2
1687,1688,2
1688,1689,2
1689,1690,2
1691,1098,1
1692,1691,1
1693,1692,1
1694,396,1
1695,1694,2
1696,1695,2
1697,1696,2
1698,1697,2
1699,1698,2
1700,1699,2
1701,1700,2
1702,382,2
1702,1701,2
1702,1703,2
1704,1705,4
1705,1706,4
1706,1707,2
1706,1754,2
1707,1708,2
1708,1709,4
1709,1622,1
1709,1623,1
1709,1710,2
1710,921,2
1711,1712,1
1712,1713,1
1713,1714,1
1714,652,1
1715,1716,1
1717,1718,1
1718,1719,1
1719,1720,1
1720,1721,1
1722,1723,1
1723,1724,1
1724,1725,1
1725,1604,1
1725,1728,3
1726,1727,5
1727,1883,2
1727,1895,3
1728,1729,3
1729,1730,3
1730,1731,2
1730,1739,1
1731,1732,2
1732,1733,2
1733,359,2
1734,1735,2
1735,1736,2
1736,1737,2
1737,1738,1
1737,1740,1
1740,1741,1
1741,1742,1
1743,1744,2
1744,1684,1
1744,1745,1
1745,1743,1
1746,1745,1
1747,1746,1
1750,1749,1
1749,1462,1
1751,1752,1
1753,1626,1
1754,1708,2
1755,1756,1
1756,1757,1
1758,1759,1
1759,1760,1
1760,491,1
1761,1762,1
1762,1763,1
1763,1764,1
1764,1765,1
1765,482,1
1766,1767,1
1767,1768,1
1769,1502,1
1770,1771,1
1772,915,4
1773,1772,4
1774,1773,4
1775,1774,4
1776,1775,4
1777,1776,4
1778,1777,4
1779,1778,4
1780,1779,4
1781,1782,4
1782,1783,4
1783,1784,4
1784,1650,1
1785,1784,4
1786,1785,4
1787,1786,4
1787,1788,3
1788,1789,3
1789,1790,4
1790,1651,7
1791,1435,5
1792,1793,2
1793,1794,2
1794,1795,2
1795,1796,2
1796,1797,2
1797,1798,2
1798,1799,2
1799,1800,2
1800,1801,2
1802,738,1
1802,739,1
1803,1802,2
1804,944,4
1805,1804,4
1806,1805,1
1807,1808,1
1808,947,1
1809,1810,1
1810,1811,1
1812,765,1
1813,1814,1
1814,719,1
1815,877,1
1816,1817,1
1817,1818,1
1818,1819,1
1819,1820,1
1820,1821,1
1822,1362,1
1823,564,1
1824,1727,3
1825,1824,3
1826,1825,3
1827,1826,3
1828,1827,3
1828,1829,1
1829,1830,1
1830,1831,1
1831,1832,1
1832,1833,1
1833,1834,1
1834,1835,1
1835,1836,1
1836,1837,1
1837,1838,1
1838,1839,1
1839,1840,1
1840,1841,1
1841,1842,1
1842,1843,1
1844,1828,3
1844,1904,1
1845,1844,2
1846,1845,2
1847,1846,2
1848,1847,2
1848,1849,2
1849,1850,3
1850,1851,3
1851,1852,3
1852,1853,2
1852,1884,1
1853,1854,2
1854,1855,2
1856,1017,5
1856,2143,1
1857,1017,14
1857,1858,12
1857,2179,2
1858,1859,9
1858,2200,1
1858,2256,2
1859,1857,1
1860,1859,10
1860,1861,3
1860,2199,5
1860,2212,2
1861,1862,3
1862,1863,2
1862,2201,1
1863,1864,2
1864,1865,2
1865,1866,2
1866,1867,2
1867,1868,2
1868,1869,2
1869,1870,2
1870,1871,2
1871,1872,2
1872,1873,2
1873,1874,2
1874,1875,1
1874,2173,1
1875,1876,2
1876,1877,2
1877,1878,2
1878,1879,2
1879,1880,2
1880,1881,2
1881,1849,1
1881,2174,1
1882,1883,2
1882,1932,1
1883,2175,1
1884,1885,1
1885,1886,1
1886,1887,1
1887,1888,1
1888,1889,1
1889,1890,1
1890,1891,1
1891,1892,1
1892,1893,1
1893,1894,1
1895,1896,3
1896,1897,3
1897,1898,3
1898,1899,2
1898,1909,1
1899,1900,2
1900,1901,1
1900,1942,1
1901,1902,1
1902,1903,1
1903,1828,1
1904,1905,1
1905,1906,1
1906,1907,1
1907,1908,1
1909,1910,1
1910,1911,1
1911,1912,1
1912,1913,1
1913,1914,1
1914,1915,1
1915,1916,1
1916,1917,1
1917,1918,1
1918,1919,1
1919,1920,1
1920,1921,1
1921,1922,1
1922,1923,1
1923,1924,1
1927,1656,1
1927,1925,1
1925,1926,1
1926,1928,1
1928,1929,1
1929,1422,1
1930,1425,1
1931,1882,1
1932,1933,1
1933,1934,1
1934,1935,1
1935,1936,1
1936,1937,1
1937,1938,1
1939,1940,1
1940,1941,1
1941,1521,1
1942,1943,1
1943,1944,1
1945,1946,9
1946,1947,8
1946,1981,1
1947,1981,2
1948,1947,8
1949,1948,8
1949,1980,7
1950,1949,2
1951,1950,2
1952,1951,2
1953,1954,15
1954,1955,15
1955,2066,2
1956,1955,15
1957,1956,15
1957,1985,13
1958,1957,4
1959,1958,4
1960,1959,4
1961,1960,4
1962,1961,4
1963,1962,4
1963,1965,1
1964,1963,4
1965,1964,4
1966,1965,5
1967,1966,5
1968,1967,5
1968,2072,1
1969,1968,4
1970,1969,5
1970,2072,2
1971,1970,4
1972,1971,4
1973,1972,5
1973,2063,2
1974,1973,7
1974,2075,2
1975,1974,7
1976,1975,7
1977,1976,7
1978,1977,7
1979,1978,7
1980,1979,7
1981,1982,3
1982,1983,3
1983,1984,3
1984,1952,3
1985,1986,1
1985,2021,12
1986,1987,1
1987,1988,1
1988,1989,1
1989,1990,1
1990,1991,1
1991,1992,1
1992,1993,1
1993,1994,1
1994,1995,1
1995,1996,1
1996,1997,1
1997,1998,1
1998,1999,1
1999,2000,1
2000,2001,1
2001,2002,1
2002,2003,1
2003,2004,1
2004,2005,1
2005,2006,1
2006,2007,1
2007,2008,1
2008,2009,1
2009,2010,1
2010,2011,1
2011,2012,1
2012,2013,1
2013,2014,1
2014,2015,1
2015,2016,1
2016,2017,1
2017,2018,1
2018,2019,1
2020,32,2
2021,2022,8
2021,2047,4
2022,2023,5
2022,2047,3
2023,2024,6
2024,2025,6
2025,2026,7
2026,2027,7
2027,2028,7
2028,2029,3
2028,2052,4
2029,2030,3
2030,2031,3
2031,2032,3
2032,2033,3
2033,2034,1
2034,2035,1
2035,2036,1
2036,2037,1
2037,2038,1
2038,2039,1
2039,2040,1
2040,2041,1
2041,2042,1
2042,2043,1
2043,2044,1
2044,2045,1
2045,2046,1
2047,2048,2
2047,2058,5
2048,2023,1
2048,2049,1
2049,2050,1
2050,2051,1
2051,2025,1
2052,2053,4
2053,2054,4
2054,2055,2
2055,2056,2
2057,1972,3
2057,2062,2
2058,2059,5
2059,2060,5
2060,2061,5
2061,1963,1
2061,2071,4
2062,2067,1
2063,2064,2
2064,2065,2
2065,2057,2
2067,2068,1
2068,2069,1
2069,2070,1
2072,2073,3
2073,1969,1
2073,2074,2
2074,1974,2
2075,2076,2
2076,2077,2
2078,2079,1
2079,2080,1
2080,2081,1
2081,2082,1
2082,2083,1
2083,2084,1
2084,2085,1
2085,2086,1
2086,2087,1
2087,2148,2
2088,2087,3
2089,2088,3
2090,2089,3
2090,2091,1
2090,2149,1
2091,2092,1
2093,372,1
2093,373,2
2094,1442,2
2094,2095,2
2095,2096,2
2096,2097,1
2096,2100,1
2097,2098,1
2098,2099,1
2100,1441,1
2101,2102,1
2102,2103,1
2103,2104,1
2104,2106,1
2105,2104,1
2106,2107,1
2107,2108,1
2108,379,1
2109,2110,2
2110,2111,2
2111,2112,2
2113,2114,1
2114,2115,1
2115,2116,1
2116,2117,1
2117,2118,1
2120,2121,1
2121,2122,1
2122,2123,1
2123,2124,1
2124,2125,1
2125,2126,1
2126,1058,1
2127,2128,1
2128,2129,1
2129,2130,1
2130,66,1
2131,2139,1
2132,2131,1
2133,2132,1
2134,2133,1
2135,2134,1
2135,2136,1
2136,2137,1
2137,2138,1
2138,745,1
2139,2140,1
2140,2141,1
2141,946,1
2142,1856,1
2143,2144,1
2145,1319,2
2146,560,2
2147,2146,2
2148,2147,2
2150,559,1
2150,1361,1
2151,1358,1
2152,1359,1
2153,2154,1
2154,2155,1
2155,2156,1
2157,2158,1
2158,2159,1
2159,2160,1
2160,2161,1
2161,2162,1
2162,1035,1
2163,2164,1
2164,2165,1
2166,2167,1
2167,2168,1
2168,2169,1
2169,425,1
2170,2171,1
2170,2172,1
2172,181,1
2173,1875,1
2174,1848,1
2175,2176,1
2176,2177,1
2177,2178,1
2178,1938,1
2179,2180,2
2180,2181,2
2181,2182,2
2182,2183,1
2182,2238,1
2183,2207,1
2184,2183,1
2185,2184,1
2186,2185,1
2187,2186,1
2188,2187,1
2189,2188,1
2190,2189,1
2191,2190,1
2192,2191,1
2192,2193,1
2192,2244,1
2192,2257,1
2193,2194,1
2194,2205,1
2195,2194,1
2196,2195,1
2196,2218,5
2197,2196,6
2198,2197,5
2199,2198,5
2200,1859,1
2201,2202,1
2202,2203,1
2203,2204,1
2205,2206,1
2206,2192,1
2207,2208,1
2208,2238,1
2209,2208,1
2210,2209,1
2210,2211,1
2211,1857,1
2212,2213,2
2213,2214,2
2214,2215,2
2215,2216,2
2216,2217,2
2218,2219,5
2219,2220,6
2220,2221,6
2221,2222,6
2222,2223,6
2223,2224,6
2224,2225,6
2225,2226,5
2225,2258,1
2226,2227,5
2227,2228,5
2228,2229,5
2229,2230,5
2230,2231,5
2231,2232,5
2232,2233,5
2233,2234,5
2234,2235,5
2235,2236,5
2236,2237,5
2238,2239,2
2239,2240,2
2240,2241,2
2241,2242,2
2242,2243,2
2243,2192,2
2244,2245,1
2245,2246,1
2246,2247,1
2247,2248,1
2248,2249,1
2249,2250,1
2250,2251,1
2251,2252,1
2252,2253,1
2253,2254,1
2254,2255,1
2256,2210,1
2256,2262,1
2257,2219,1
2258,2259,1
2259,2260,1
2260,2261,1
2262,2263,1
2263,2264,1
2264,2197,1
2265,336,1
2266,816,1
